{
  "pages": [ //pages数组中第一项表示应用启动页，参考：https://uniapp.dcloud.io/collocation/pages
    {
      "path": "pages/index/index",
      "style": {

      }

    },
    {
      // 搜索
      "path": "pages/search/search",
      "style": {


      }
    },
    // {
    // 	// 分类
    // 	"path": "pages/classify/classify",
    // 	"style": {


    // 	}
    // },
    {
      // 我的
      "path": "pages/my/my",
      "style": {


      }
    },
    {
      // 我的收藏
      "path": "pages/my/collect",
      "style": {


      }
    },
    {
      // 问题反馈
      "path": "pages/my/feedback-issue",
      "style": {


      }
    },
    {
      // 视频列表热门
      "path": "pages/common/video-list",
      "style": {


      }
    },
    {
      // 视频详情
      "path": "pages/common/video-details",
      "style": {

      }
    },
    {
      // 主题
      "path": "pages/my/theme",
      "style": {


      }
    }


  ],
  "globalStyle": {
    "navigationBarTextStyle": "white",
    "navigationStyle": "custom",
    "navigationBarBackgroundColor": "#5B2549",
    "backgroundColor": "#5B2549"
  },
  "tabBar": {
    "selectedColor": "#ffd524",
    "borderStyle": "white",
    "color": "#000",
    "backgroundColor": "#FFFFFF",
    "list": [{
        "pagePath": "pages/index/index",
        "text": "首页",
        "iconPath": "static/bottomIcon/index1.png",
        "selectedIconPath": "static/bottomIcon/index2.png"
      },
      {
        "pagePath": "pages/search/search",
        "text": "搜索",
        "iconPath": "static/bottomIcon/sousuo1.png",
        "selectedIconPath": "static/bottomIcon/sousuo2.png"
      },
      // {
      //   "pagePath": "pages/classify/classify",
      //   "text": "分类",
      //   "iconPath": "static/bottomIcon/fenlei1.png",
      //   "selectedIconPath": "static/bottomIcon/fenlei2.png"
      // },
      {
        "pagePath": "pages/my/my",
        "text": "我的",
        "iconPath": "static/bottomIcon/wode1.png",
        "selectedIconPath": "static/bottomIcon/wode2.png"
      }

    ]
  }


}
